Campaign,Campaign Type,Networks,Budget,Budget type,Bid Strategy Type,Languages,Final URL suffix,Campaign Status,Ad Group,Ad Group Status,Keyword,Criterion Type,Ad type,Final URL,Path 1,Path 2,Headline 1,Headline 2,Headline 3,Headline 4,Headline 5,Headline 6,Headline 7,Headline 8,Headline 9,Headline 10,Headline 11,Headline 12,Headline 13,Headline 14,Headline 15,Description 1,Description 2,Description 3,Description 4
GOOG_Search_Brand,Search,Google search,6,Daily,Maximize conversions,he;en,utm_source=google&utm_medium=cpc&utm_campaign=brand,Paused,,,,,,,,,,,,,,,,,,,,,,,,,,,
GOOG_Search_Brand,,,,,,,,,Brand,Enabled,,,,,,,,,,,,,,,,,,,,,,,,,
GOOG_Search_Brand,,,,,,,,,Brand,,site control,Exact,,,,,,,,,,,,,,,,,,,,,,,
GOOG_Search_Brand,,,,,,,,,Brand,,סייט קונטרול,Exact,,,,,,,,,,,,,,,,,,,,,,,
GOOG_Search_Brand,,,,,,,,,Brand,,site-control,Phrase,,,,,,,,,,,,,,,,,,,,,,,
GOOG_Search_Brand,,,,,,,,,Brand,,site control il,Phrase,,,,,,,,,,,,,,,,,,,,,,,
GOOG_Search_Brand,,,,,,,,,Brand,,,,Responsive search ad,https://www.site-control-il.com/,חנות,מצלמות-אבטחה,Site-Control,Site-Control האתר הרשמי,חנות מצלמות אבטחה והתקנה,"Hikvision, Uniview, Reolink",אינטרקום ובקרת כניסה,ציוד מהמלאי של היבואן,אחריות שנה על כל המוצרים,"מחירים כולל מע""מ באתר",התקנה על ידי הצוות שלנו,ייעוץ בוואטסאפ לפני קנייה,משלוח או איסוף עצמי,ערכות מצלמות עם מקליט,מצלמות סולאריות 4G,עזרו לי לבחור ב-5 שאלות,מתקינים ומוכרים מצלמות,"חנות מצלמות אבטחה עם צוות שגם מתקין. Hikvision, Uniview, Reolink ו-VisionNet.","מצלמות IP, ערכות, מקליטים, אינטרקום ובקרת כניסה. מחיר באתר ואחריות שנה.","משלוח עד הבית, איסוף עצמי או התקנה מלאה על ידי הצוות שלנו לפי הצעת מחיר.","לא בטוחים מה מתאים? עונים על 5 שאלות ומקבלים המלצה, או כותבים לנו בוואטסאפ."
GOOG_Search_Brand,,,,,,,,,,,טיימלאפס,Negative Phrase,,,,,,,,,,,,,,,,,,,,,,,
GOOG_Search_Brand,,,,,,,,,,,טיים לאפס,Negative Phrase,,,,,,,,,,,,,,,,,,,,,,,
GOOG_Search_Brand,,,,,,,,,,,time lapse,Negative Phrase,,,,,,,,,,,,,,,,,,,,,,,
GOOG_Search_Brand,,,,,,,,,,,timelapse,Negative Phrase,,,,,,,,,,,,,,,,,,,,,,,
GOOG_Search_Brand,,,,,,,,,,,תיעוד בנייה,Negative Phrase,,,,,,,,,,,,,,,,,,,,,,,
GOOG_Search_Brand,,,,,,,,,,,תיעוד התקדמות,Negative Phrase,,,,,,,,,,,,,,,,,,,,,,,
GOOG_Search_Brand,,,,,,,,,,,דרושים,Negative Phrase,,,,,,,,,,,,,,,,,,,,,,,
GOOG_Search_Brand,,,,,,,,,,,משרה,Negative Phrase,,,,,,,,,,,,,,,,,,,,,,,
GOOG_Search_Brand,,,,,,,,,,,עבודה,Negative Phrase,,,,,,,,,,,,,,,,,,,,,,,
GOOG_Search_Brand,,,,,,,,,,,קורס,Negative Phrase,,,,,,,,,,,,,,,,,,,,,,,
GOOG_Search_Brand,,,,,,,,,,,הכשרה,Negative Phrase,,,,,,,,,,,,,,,,,,,,,,,
GOOG_Search_Brand,,,,,,,,,,,חינם,Negative Phrase,,,,,,,,,,,,,,,,,,,,,,,
GOOG_Search_Brand,,,,,,,,,,,יד שנייה,Negative Phrase,,,,,,,,,,,,,,,,,,,,,,,
GOOG_Search_Brand,,,,,,,,,,,יד2,Negative Phrase,,,,,,,,,,,,,,,,,,,,,,,
GOOG_Search_Brand,,,,,,,,,,,עלי אקספרס,Negative Phrase,,,,,,,,,,,,,,,,,,,,,,,
GOOG_Search_Brand,,,,,,,,,,,aliexpress,Negative Phrase,,,,,,,,,,,,,,,,,,,,,,,
GOOG_Search_Brand,,,,,,,,,,,אמזון,Negative Phrase,,,,,,,,,,,,,,,,,,,,,,,
GOOG_Search_Brand,,,,,,,,,,,amazon,Negative Phrase,,,,,,,,,,,,,,,,,,,,,,,
GOOG_Search_Brand,,,,,,,,,,,מצלמה לרכב,Negative Phrase,,,,,,,,,,,,,,,,,,,,,,,
GOOG_Search_Brand,,,,,,,,,,,מצלמת דרך,Negative Phrase,,,,,,,,,,,,,,,,,,,,,,,
GOOG_Search_Brand,,,,,,,,,,,מצלמת רכב,Negative Phrase,,,,,,,,,,,,,,,,,,,,,,,
GOOG_Search_Brand,,,,,,,,,,,מצלמת גוף,Negative Phrase,,,,,,,,,,,,,,,,,,,,,,,
GOOG_Search_Brand,,,,,,,,,,,מצלמת תינוק,Negative Phrase,,,,,,,,,,,,,,,,,,,,,,,
GOOG_Search_Brand,,,,,,,,,,,מצלמת רשת למחשב,Negative Phrase,,,,,,,,,,,,,,,,,,,,,,,
GOOG_Search_Brand,,,,,,,,,,,webcam,Negative Phrase,,,,,,,,,,,,,,,,,,,,,,,
GOOG_Search_Brand,,,,,,,,,,,גופרו,Negative Phrase,,,,,,,,,,,,,,,,,,,,,,,
GOOG_Search_Brand,,,,,,,,,,,gopro,Negative Phrase,,,,,,,,,,,,,,,,,,,,,,,
GOOG_Search_Brand,,,,,,,,,,,רחפן,Negative Phrase,,,,,,,,,,,,,,,,,,,,,,,
GOOG_Search_Brand,,,,,,,,,,,מצלמת צילום,Negative Phrase,,,,,,,,,,,,,,,,,,,,,,,
GOOG_Search_Brand,,,,,,,,,,,מצלמה דיגיטלית,Negative Phrase,,,,,,,,,,,,,,,,,,,,,,,
GOOG_Search_Brand,,,,,,,,,,,דמה,Negative Phrase,,,,,,,,,,,,,,,,,,,,,,,
GOOG_Search_Brand,,,,,,,,,,,להורדה,Negative Phrase,,,,,,,,,,,,,,,,,,,,,,,
GOOG_Search_Brand,,,,,,,,,,,pdf,Negative Phrase,,,,,,,,,,,,,,,,,,,,,,,
GOOG_Search_Brand,,,,,,,,,,,סיסמה,Negative Phrase,,,,,,,,,,,,,,,,,,,,,,,
GOOG_Search_Brand,,,,,,,,,,,איפוס,Negative Phrase,,,,,,,,,,,,,,,,,,,,,,,
GOOG_Search_Brand,,,,,,,,,,,שחזור סיסמה,Negative Phrase,,,,,,,,,,,,,,,,,,,,,,,
GOOG_Search_Brand,,,,,,,,,,,ivms,Negative Phrase,,,,,,,,,,,,,,,,,,,,,,,
GOOG_Search_Brand,,,,,,,,,,,ויקיפדיה,Negative Phrase,,,,,,,,,,,,,,,,,,,,,,,
GOOG_Search_Brand,,,,,,,,,,,מה זה,Negative Phrase,,,,,,,,,,,,,,,,,,,,,,,
GOOG_Search_Install_Leads,Search,Google search,36,Daily,Maximize conversions,he;en,utm_source=google&utm_medium=cpc&utm_campaign=install,Paused,,,,,,,,,,,,,,,,,,,,,,,,,,,
GOOG_Search_Install_Leads,,,,,,,,,התקנת מצלמות אבטחה,Enabled,,,,,,,,,,,,,,,,,,,,,,,,,
GOOG_Search_Install_Leads,,,,,,,,,התקנת מצלמות אבטחה,,התקנת מצלמות אבטחה,Phrase,,,,,,,,,,,,,,,,,,,,,,,
GOOG_Search_Install_Leads,,,,,,,,,התקנת מצלמות אבטחה,,מתקין מצלמות אבטחה,Phrase,,,,,,,,,,,,,,,,,,,,,,,
GOOG_Search_Install_Leads,,,,,,,,,התקנת מצלמות אבטחה,,התקנת מערכת מצלמות,Phrase,,,,,,,,,,,,,,,,,,,,,,,
GOOG_Search_Install_Leads,,,,,,,,,התקנת מצלמות אבטחה,,טכנאי מצלמות אבטחה,Phrase,,,,,,,,,,,,,,,,,,,,,,,
GOOG_Search_Install_Leads,,,,,,,,,התקנת מצלמות אבטחה,,התקנת מצלמות אבטחה,Exact,,,,,,,,,,,,,,,,,,,,,,,
GOOG_Search_Install_Leads,,,,,,,,,התקנת מצלמות אבטחה,,,,Responsive search ad,https://www.site-control-il.com/installation,התקנה,מצלמות-אבטחה,התקנת מצלמות אבטחה,מתקינים בכל הארץ,מצלמות אבטחה לבית ולעסק,"Hikvision, Uniview, Reolink",ציוד מהמלאי של היבואן,אחריות שנה על כל המוצרים,הצעת מחיר בוואטסאפ,"תכנון, חיווט והגדרת אפליקציה",צפייה מהנייד מכל מקום,מערכת עם מקליט 24/7,ממליצים רק מה שצריך,שדרוג מערכת ישנה,"מצלמות, מקליט ואינטרקום",Site-Control,"שלחו תמונה, נחזור עם מחיר","מתקינים מצלמות אבטחה בבתים, בעסקים ובבניינים. תכנון, חיווט, הגדרה והדרכה.","ציוד Hikvision, Uniview ו-Reolink מהמלאי של היבואן בישראל, עם אחריות שנה.","שולחים בוואטסאפ כמה נקודות ואיפה, ומקבלים הצעת מחיר להתקנה מלאה.","צפייה חיה והתראות לנייד, הקלטה רציפה למקליט. גם שדרוג למערכת קיימת."
GOOG_Search_Install_Leads,,,,,,,,,התקנה לבית ולעסק,Enabled,,,,,,,,,,,,,,,,,,,,,,,,,
GOOG_Search_Install_Leads,,,,,,,,,התקנה לבית ולעסק,,התקנת מצלמות אבטחה לבית,Phrase,,,,,,,,,,,,,,,,,,,,,,,
GOOG_Search_Install_Leads,,,,,,,,,התקנה לבית ולעסק,,התקנת מצלמות אבטחה לעסק,Phrase,,,,,,,,,,,,,,,,,,,,,,,
GOOG_Search_Install_Leads,,,,,,,,,התקנה לבית ולעסק,,מצלמות אבטחה לבית כולל התקנה,Phrase,,,,,,,,,,,,,,,,,,,,,,,
GOOG_Search_Install_Leads,,,,,,,,,התקנה לבית ולעסק,,מצלמות אבטחה לעסק כולל התקנה,Phrase,,,,,,,,,,,,,,,,,,,,,,,
GOOG_Search_Install_Leads,,,,,,,,,התקנה לבית ולעסק,,,,Responsive search ad,https://www.site-control-il.com/installation,התקנה,לבית-ולעסק,התקנת מצלמות אבטחה,מתקינים בכל הארץ,מצלמות אבטחה לבית ולעסק,"Hikvision, Uniview, Reolink",ציוד מהמלאי של היבואן,אחריות שנה על כל המוצרים,הצעת מחיר בוואטסאפ,"תכנון, חיווט והגדרת אפליקציה",צפייה מהנייד מכל מקום,מערכת עם מקליט 24/7,ממליצים רק מה שצריך,שדרוג מערכת ישנה,"מצלמות, מקליט ואינטרקום",Site-Control,"שלחו תמונה, נחזור עם מחיר","מתקינים מצלמות אבטחה בבתים, בעסקים ובבניינים. תכנון, חיווט, הגדרה והדרכה.","ציוד Hikvision, Uniview ו-Reolink מהמלאי של היבואן בישראל, עם אחריות שנה.","שולחים בוואטסאפ כמה נקודות ואיפה, ומקבלים הצעת מחיר להתקנה מלאה.","צפייה חיה והתראות לנייד, הקלטה רציפה למקליט. גם שדרוג למערכת קיימת."
GOOG_Search_Install_Leads,,,,,,,,,שדרוג מערכת קיימת,Enabled,,,,,,,,,,,,,,,,,,,,,,,,,
GOOG_Search_Install_Leads,,,,,,,,,שדרוג מערכת קיימת,,שדרוג מערכת מצלמות,Phrase,,,,,,,,,,,,,,,,,,,,,,,
GOOG_Search_Install_Leads,,,,,,,,,שדרוג מערכת קיימת,,החלפת מצלמות אבטחה,Phrase,,,,,,,,,,,,,,,,,,,,,,,
GOOG_Search_Install_Leads,,,,,,,,,שדרוג מערכת קיימת,,החלפת מקליט מצלמות,Phrase,,,,,,,,,,,,,,,,,,,,,,,
GOOG_Search_Install_Leads,,,,,,,,,שדרוג מערכת קיימת,,תיקון מערכת מצלמות אבטחה,Phrase,,,,,,,,,,,,,,,,,,,,,,,
GOOG_Search_Install_Leads,,,,,,,,,שדרוג מערכת קיימת,,,,Responsive search ad,https://www.site-control-il.com/installation,שדרוג,מערכת-קיימת,התקנת מצלמות אבטחה,מתקינים בכל הארץ,מצלמות אבטחה לבית ולעסק,"Hikvision, Uniview, Reolink",ציוד מהמלאי של היבואן,אחריות שנה על כל המוצרים,הצעת מחיר בוואטסאפ,"תכנון, חיווט והגדרת אפליקציה",צפייה מהנייד מכל מקום,מערכת עם מקליט 24/7,ממליצים רק מה שצריך,שדרוג מערכת ישנה,"מצלמות, מקליט ואינטרקום",Site-Control,"שלחו תמונה, נחזור עם מחיר","מתקינים מצלמות אבטחה בבתים, בעסקים ובבניינים. תכנון, חיווט, הגדרה והדרכה.","ציוד Hikvision, Uniview ו-Reolink מהמלאי של היבואן בישראל, עם אחריות שנה.","שולחים בוואטסאפ כמה נקודות ואיפה, ומקבלים הצעת מחיר להתקנה מלאה.","צפייה חיה והתראות לנייד, הקלטה רציפה למקליט. גם שדרוג למערכת קיימת."
GOOG_Search_Install_Leads,,,,,,,,,,,טיימלאפס,Negative Phrase,,,,,,,,,,,,,,,,,,,,,,,
GOOG_Search_Install_Leads,,,,,,,,,,,טיים לאפס,Negative Phrase,,,,,,,,,,,,,,,,,,,,,,,
GOOG_Search_Install_Leads,,,,,,,,,,,time lapse,Negative Phrase,,,,,,,,,,,,,,,,,,,,,,,
GOOG_Search_Install_Leads,,,,,,,,,,,timelapse,Negative Phrase,,,,,,,,,,,,,,,,,,,,,,,
GOOG_Search_Install_Leads,,,,,,,,,,,תיעוד בנייה,Negative Phrase,,,,,,,,,,,,,,,,,,,,,,,
GOOG_Search_Install_Leads,,,,,,,,,,,תיעוד התקדמות,Negative Phrase,,,,,,,,,,,,,,,,,,,,,,,
GOOG_Search_Install_Leads,,,,,,,,,,,דרושים,Negative Phrase,,,,,,,,,,,,,,,,,,,,,,,
GOOG_Search_Install_Leads,,,,,,,,,,,משרה,Negative Phrase,,,,,,,,,,,,,,,,,,,,,,,
GOOG_Search_Install_Leads,,,,,,,,,,,עבודה,Negative Phrase,,,,,,,,,,,,,,,,,,,,,,,
GOOG_Search_Install_Leads,,,,,,,,,,,קורס,Negative Phrase,,,,,,,,,,,,,,,,,,,,,,,
GOOG_Search_Install_Leads,,,,,,,,,,,הכשרה,Negative Phrase,,,,,,,,,,,,,,,,,,,,,,,
GOOG_Search_Install_Leads,,,,,,,,,,,חינם,Negative Phrase,,,,,,,,,,,,,,,,,,,,,,,
GOOG_Search_Install_Leads,,,,,,,,,,,יד שנייה,Negative Phrase,,,,,,,,,,,,,,,,,,,,,,,
GOOG_Search_Install_Leads,,,,,,,,,,,יד2,Negative Phrase,,,,,,,,,,,,,,,,,,,,,,,
GOOG_Search_Install_Leads,,,,,,,,,,,עלי אקספרס,Negative Phrase,,,,,,,,,,,,,,,,,,,,,,,
GOOG_Search_Install_Leads,,,,,,,,,,,aliexpress,Negative Phrase,,,,,,,,,,,,,,,,,,,,,,,
GOOG_Search_Install_Leads,,,,,,,,,,,אמזון,Negative Phrase,,,,,,,,,,,,,,,,,,,,,,,
GOOG_Search_Install_Leads,,,,,,,,,,,amazon,Negative Phrase,,,,,,,,,,,,,,,,,,,,,,,
GOOG_Search_Install_Leads,,,,,,,,,,,מצלמה לרכב,Negative Phrase,,,,,,,,,,,,,,,,,,,,,,,
GOOG_Search_Install_Leads,,,,,,,,,,,מצלמת דרך,Negative Phrase,,,,,,,,,,,,,,,,,,,,,,,
GOOG_Search_Install_Leads,,,,,,,,,,,מצלמת רכב,Negative Phrase,,,,,,,,,,,,,,,,,,,,,,,
GOOG_Search_Install_Leads,,,,,,,,,,,מצלמת גוף,Negative Phrase,,,,,,,,,,,,,,,,,,,,,,,
GOOG_Search_Install_Leads,,,,,,,,,,,מצלמת תינוק,Negative Phrase,,,,,,,,,,,,,,,,,,,,,,,
GOOG_Search_Install_Leads,,,,,,,,,,,מצלמת רשת למחשב,Negative Phrase,,,,,,,,,,,,,,,,,,,,,,,
GOOG_Search_Install_Leads,,,,,,,,,,,webcam,Negative Phrase,,,,,,,,,,,,,,,,,,,,,,,
GOOG_Search_Install_Leads,,,,,,,,,,,גופרו,Negative Phrase,,,,,,,,,,,,,,,,,,,,,,,
GOOG_Search_Install_Leads,,,,,,,,,,,gopro,Negative Phrase,,,,,,,,,,,,,,,,,,,,,,,
GOOG_Search_Install_Leads,,,,,,,,,,,רחפן,Negative Phrase,,,,,,,,,,,,,,,,,,,,,,,
GOOG_Search_Install_Leads,,,,,,,,,,,מצלמת צילום,Negative Phrase,,,,,,,,,,,,,,,,,,,,,,,
GOOG_Search_Install_Leads,,,,,,,,,,,מצלמה דיגיטלית,Negative Phrase,,,,,,,,,,,,,,,,,,,,,,,
GOOG_Search_Install_Leads,,,,,,,,,,,דמה,Negative Phrase,,,,,,,,,,,,,,,,,,,,,,,
GOOG_Search_Install_Leads,,,,,,,,,,,להורדה,Negative Phrase,,,,,,,,,,,,,,,,,,,,,,,
GOOG_Search_Install_Leads,,,,,,,,,,,pdf,Negative Phrase,,,,,,,,,,,,,,,,,,,,,,,
GOOG_Search_Install_Leads,,,,,,,,,,,סיסמה,Negative Phrase,,,,,,,,,,,,,,,,,,,,,,,
GOOG_Search_Install_Leads,,,,,,,,,,,איפוס,Negative Phrase,,,,,,,,,,,,,,,,,,,,,,,
GOOG_Search_Install_Leads,,,,,,,,,,,שחזור סיסמה,Negative Phrase,,,,,,,,,,,,,,,,,,,,,,,
GOOG_Search_Install_Leads,,,,,,,,,,,ivms,Negative Phrase,,,,,,,,,,,,,,,,,,,,,,,
GOOG_Search_Install_Leads,,,,,,,,,,,ויקיפדיה,Negative Phrase,,,,,,,,,,,,,,,,,,,,,,,
GOOG_Search_Install_Leads,,,,,,,,,,,מה זה,Negative Phrase,,,,,,,,,,,,,,,,,,,,,,,
GOOG_Search_Install_Leads,,,,,,,,,,,איך להתקין,Negative Phrase,,,,,,,,,,,,,,,,,,,,,,,
GOOG_Search_Install_Leads,,,,,,,,,,,התקנה עצמית,Negative Phrase,,,,,,,,,,,,,,,,,,,,,,,
GOOG_Search_Install_Leads,,,,,,,,,,,עשה זאת בעצמך,Negative Phrase,,,,,,,,,,,,,,,,,,,,,,,
GOOG_Search_Install_Leads,,,,,,,,,,,site control,Negative Phrase,,,,,,,,,,,,,,,,,,,,,,,
GOOG_Search_Install_Leads,,,,,,,,,,,סייט קונטרול,Negative Phrase,,,,,,,,,,,,,,,,,,,,,,,
GOOG_Search_Intercom,Search,Google search,24,Daily,Maximize conversions,he;en,utm_source=google&utm_medium=cpc&utm_campaign=intercom,Paused,,,,,,,,,,,,,,,,,,,,,,,,,,,
GOOG_Search_Intercom,,,,,,,,,אינטרקום לבניין,Enabled,,,,,,,,,,,,,,,,,,,,,,,,,
GOOG_Search_Intercom,,,,,,,,,אינטרקום לבניין,,אינטרקום לבניין,Phrase,,,,,,,,,,,,,,,,,,,,,,,
GOOG_Search_Intercom,,,,,,,,,אינטרקום לבניין,,החלפת אינטרקום בבניין,Phrase,,,,,,,,,,,,,,,,,,,,,,,
GOOG_Search_Intercom,,,,,,,,,אינטרקום לבניין,,אינטרקום לבניין משותף,Phrase,,,,,,,,,,,,,,,,,,,,,,,
GOOG_Search_Intercom,,,,,,,,,אינטרקום לבניין,,פנל אינטרקום לבניין,Phrase,,,,,,,,,,,,,,,,,,,,,,,
GOOG_Search_Intercom,,,,,,,,,אינטרקום לבניין,,אינטרקום 2 גידים,Phrase,,,,,,,,,,,,,,,,,,,,,,,
GOOG_Search_Intercom,,,,,,,,,אינטרקום לבניין,,התקנת אינטרקום,Phrase,,,,,,,,,,,,,,,,,,,,,,,
GOOG_Search_Intercom,,,,,,,,,אינטרקום לבניין,,,,Responsive search ad,https://www.site-control-il.com/store/c/intercom,אינטרקום,לבניין,אינטרקום וידאו לבית,אינטרקום לבניין,החלפת אינטרקום בבניין,אינטרקום 2 גידים על הכבל,אינטרקום עם מענה מהנייד,Hikvision ו-VisionNet,ערכות אינטרקום לוילה,קודן וקורא כרטיסים,בקרת כניסה וזיהוי פנים,"מחירים כולל מע""מ באתר",התקנה על ידי הצוות שלנו,אחריות שנה על כל המוצרים,ייעוץ בוואטסאפ לפני קנייה,Site-Control,פותחים את הדלת מהנייד,"ערכות אינטרקום וידאו לבית פרטי ולבניין: 2 גידים על הכבל הקיים, או IP עם אפליקציה.","פנלים, מסכים, קודנים ומסופי זיהוי פנים של Hikvision ו-VisionNet, עם מחיר באתר.",מחליפים אינטרקום ישן בבניין? נבדוק את התשתית ונציע פתרון בלי חציבות מיותרות.,"משלוח, איסוף עצמי או התקנה על ידי הצוות שלנו. אחריות שנה על כל המוצרים."
GOOG_Search_Intercom,,,,,,,,,אינטרקום לבית,Enabled,,,,,,,,,,,,,,,,,,,,,,,,,
GOOG_Search_Intercom,,,,,,,,,אינטרקום לבית,,אינטרקום וידאו לבית,Phrase,,,,,,,,,,,,,,,,,,,,,,,
GOOG_Search_Intercom,,,,,,,,,אינטרקום לבית,,אינטרקום לוילה,Phrase,,,,,,,,,,,,,,,,,,,,,,,
GOOG_Search_Intercom,,,,,,,,,אינטרקום לבית,,אינטרקום עם אפליקציה,Phrase,,,,,,,,,,,,,,,,,,,,,,,
GOOG_Search_Intercom,,,,,,,,,אינטרקום לבית,,ערכת אינטרקום,Phrase,,,,,,,,,,,,,,,,,,,,,,,
GOOG_Search_Intercom,,,,,,,,,אינטרקום לבית,,אינטרקום hikvision,Phrase,,,,,,,,,,,,,,,,,,,,,,,
GOOG_Search_Intercom,,,,,,,,,אינטרקום לבית,,אינטרקום visionnet,Phrase,,,,,,,,,,,,,,,,,,,,,,,
GOOG_Search_Intercom,,,,,,,,,אינטרקום לבית,,,,Responsive search ad,https://www.site-control-il.com/store/c/intercom,אינטרקום,לבית,אינטרקום וידאו לבית,אינטרקום לבניין,החלפת אינטרקום בבניין,אינטרקום 2 גידים על הכבל,אינטרקום עם מענה מהנייד,Hikvision ו-VisionNet,ערכות אינטרקום לוילה,קודן וקורא כרטיסים,בקרת כניסה וזיהוי פנים,"מחירים כולל מע""מ באתר",התקנה על ידי הצוות שלנו,אחריות שנה על כל המוצרים,ייעוץ בוואטסאפ לפני קנייה,Site-Control,פותחים את הדלת מהנייד,"ערכות אינטרקום וידאו לבית פרטי ולבניין: 2 גידים על הכבל הקיים, או IP עם אפליקציה.","פנלים, מסכים, קודנים ומסופי זיהוי פנים של Hikvision ו-VisionNet, עם מחיר באתר.",מחליפים אינטרקום ישן בבניין? נבדוק את התשתית ונציע פתרון בלי חציבות מיותרות.,"משלוח, איסוף עצמי או התקנה על ידי הצוות שלנו. אחריות שנה על כל המוצרים."
GOOG_Search_Intercom,,,,,,,,,בקרת כניסה,Enabled,,,,,,,,,,,,,,,,,,,,,,,,,
GOOG_Search_Intercom,,,,,,,,,בקרת כניסה,,קודן לדלת,Phrase,,,,,,,,,,,,,,,,,,,,,,,
GOOG_Search_Intercom,,,,,,,,,בקרת כניסה,,בקרת כניסה,Phrase,,,,,,,,,,,,,,,,,,,,,,,
GOOG_Search_Intercom,,,,,,,,,בקרת כניסה,,שעון נוכחות זיהוי פנים,Phrase,,,,,,,,,,,,,,,,,,,,,,,
GOOG_Search_Intercom,,,,,,,,,בקרת כניסה,,מסוף זיהוי פנים,Phrase,,,,,,,,,,,,,,,,,,,,,,,
GOOG_Search_Intercom,,,,,,,,,בקרת כניסה,,בקרת כניסה לבניין,Phrase,,,,,,,,,,,,,,,,,,,,,,,
GOOG_Search_Intercom,,,,,,,,,בקרת כניסה,,,,Responsive search ad,https://www.site-control-il.com/store/c/intercom,בקרת-כניסה,קודנים,אינטרקום וידאו לבית,אינטרקום לבניין,החלפת אינטרקום בבניין,אינטרקום 2 גידים על הכבל,אינטרקום עם מענה מהנייד,Hikvision ו-VisionNet,ערכות אינטרקום לוילה,קודן וקורא כרטיסים,בקרת כניסה וזיהוי פנים,"מחירים כולל מע""מ באתר",התקנה על ידי הצוות שלנו,אחריות שנה על כל המוצרים,ייעוץ בוואטסאפ לפני קנייה,Site-Control,פותחים את הדלת מהנייד,"ערכות אינטרקום וידאו לבית פרטי ולבניין: 2 גידים על הכבל הקיים, או IP עם אפליקציה.","פנלים, מסכים, קודנים ומסופי זיהוי פנים של Hikvision ו-VisionNet, עם מחיר באתר.",מחליפים אינטרקום ישן בבניין? נבדוק את התשתית ונציע פתרון בלי חציבות מיותרות.,"משלוח, איסוף עצמי או התקנה על ידי הצוות שלנו. אחריות שנה על כל המוצרים."
GOOG_Search_Intercom,,,,,,,,,,,טיימלאפס,Negative Phrase,,,,,,,,,,,,,,,,,,,,,,,
GOOG_Search_Intercom,,,,,,,,,,,טיים לאפס,Negative Phrase,,,,,,,,,,,,,,,,,,,,,,,
GOOG_Search_Intercom,,,,,,,,,,,time lapse,Negative Phrase,,,,,,,,,,,,,,,,,,,,,,,
GOOG_Search_Intercom,,,,,,,,,,,timelapse,Negative Phrase,,,,,,,,,,,,,,,,,,,,,,,
GOOG_Search_Intercom,,,,,,,,,,,תיעוד בנייה,Negative Phrase,,,,,,,,,,,,,,,,,,,,,,,
GOOG_Search_Intercom,,,,,,,,,,,תיעוד התקדמות,Negative Phrase,,,,,,,,,,,,,,,,,,,,,,,
GOOG_Search_Intercom,,,,,,,,,,,דרושים,Negative Phrase,,,,,,,,,,,,,,,,,,,,,,,
GOOG_Search_Intercom,,,,,,,,,,,משרה,Negative Phrase,,,,,,,,,,,,,,,,,,,,,,,
GOOG_Search_Intercom,,,,,,,,,,,עבודה,Negative Phrase,,,,,,,,,,,,,,,,,,,,,,,
GOOG_Search_Intercom,,,,,,,,,,,קורס,Negative Phrase,,,,,,,,,,,,,,,,,,,,,,,
GOOG_Search_Intercom,,,,,,,,,,,הכשרה,Negative Phrase,,,,,,,,,,,,,,,,,,,,,,,
GOOG_Search_Intercom,,,,,,,,,,,חינם,Negative Phrase,,,,,,,,,,,,,,,,,,,,,,,
GOOG_Search_Intercom,,,,,,,,,,,יד שנייה,Negative Phrase,,,,,,,,,,,,,,,,,,,,,,,
GOOG_Search_Intercom,,,,,,,,,,,יד2,Negative Phrase,,,,,,,,,,,,,,,,,,,,,,,
GOOG_Search_Intercom,,,,,,,,,,,עלי אקספרס,Negative Phrase,,,,,,,,,,,,,,,,,,,,,,,
GOOG_Search_Intercom,,,,,,,,,,,aliexpress,Negative Phrase,,,,,,,,,,,,,,,,,,,,,,,
GOOG_Search_Intercom,,,,,,,,,,,אמזון,Negative Phrase,,,,,,,,,,,,,,,,,,,,,,,
GOOG_Search_Intercom,,,,,,,,,,,amazon,Negative Phrase,,,,,,,,,,,,,,,,,,,,,,,
GOOG_Search_Intercom,,,,,,,,,,,מצלמה לרכב,Negative Phrase,,,,,,,,,,,,,,,,,,,,,,,
GOOG_Search_Intercom,,,,,,,,,,,מצלמת דרך,Negative Phrase,,,,,,,,,,,,,,,,,,,,,,,
GOOG_Search_Intercom,,,,,,,,,,,מצלמת רכב,Negative Phrase,,,,,,,,,,,,,,,,,,,,,,,
GOOG_Search_Intercom,,,,,,,,,,,מצלמת גוף,Negative Phrase,,,,,,,,,,,,,,,,,,,,,,,
GOOG_Search_Intercom,,,,,,,,,,,מצלמת תינוק,Negative Phrase,,,,,,,,,,,,,,,,,,,,,,,
GOOG_Search_Intercom,,,,,,,,,,,מצלמת רשת למחשב,Negative Phrase,,,,,,,,,,,,,,,,,,,,,,,
GOOG_Search_Intercom,,,,,,,,,,,webcam,Negative Phrase,,,,,,,,,,,,,,,,,,,,,,,
GOOG_Search_Intercom,,,,,,,,,,,גופרו,Negative Phrase,,,,,,,,,,,,,,,,,,,,,,,
GOOG_Search_Intercom,,,,,,,,,,,gopro,Negative Phrase,,,,,,,,,,,,,,,,,,,,,,,
GOOG_Search_Intercom,,,,,,,,,,,רחפן,Negative Phrase,,,,,,,,,,,,,,,,,,,,,,,
GOOG_Search_Intercom,,,,,,,,,,,מצלמת צילום,Negative Phrase,,,,,,,,,,,,,,,,,,,,,,,
GOOG_Search_Intercom,,,,,,,,,,,מצלמה דיגיטלית,Negative Phrase,,,,,,,,,,,,,,,,,,,,,,,
GOOG_Search_Intercom,,,,,,,,,,,דמה,Negative Phrase,,,,,,,,,,,,,,,,,,,,,,,
GOOG_Search_Intercom,,,,,,,,,,,להורדה,Negative Phrase,,,,,,,,,,,,,,,,,,,,,,,
GOOG_Search_Intercom,,,,,,,,,,,pdf,Negative Phrase,,,,,,,,,,,,,,,,,,,,,,,
GOOG_Search_Intercom,,,,,,,,,,,סיסמה,Negative Phrase,,,,,,,,,,,,,,,,,,,,,,,
GOOG_Search_Intercom,,,,,,,,,,,איפוס,Negative Phrase,,,,,,,,,,,,,,,,,,,,,,,
GOOG_Search_Intercom,,,,,,,,,,,שחזור סיסמה,Negative Phrase,,,,,,,,,,,,,,,,,,,,,,,
GOOG_Search_Intercom,,,,,,,,,,,ivms,Negative Phrase,,,,,,,,,,,,,,,,,,,,,,,
GOOG_Search_Intercom,,,,,,,,,,,ויקיפדיה,Negative Phrase,,,,,,,,,,,,,,,,,,,,,,,
GOOG_Search_Intercom,,,,,,,,,,,מה זה,Negative Phrase,,,,,,,,,,,,,,,,,,,,,,,
GOOG_Search_Intercom,,,,,,,,,,,איך להתקין,Negative Phrase,,,,,,,,,,,,,,,,,,,,,,,
GOOG_Search_Intercom,,,,,,,,,,,התקנה עצמית,Negative Phrase,,,,,,,,,,,,,,,,,,,,,,,
GOOG_Search_Intercom,,,,,,,,,,,עשה זאת בעצמך,Negative Phrase,,,,,,,,,,,,,,,,,,,,,,,
GOOG_Search_Intercom,,,,,,,,,,,site control,Negative Phrase,,,,,,,,,,,,,,,,,,,,,,,
GOOG_Search_Intercom,,,,,,,,,,,סייט קונטרול,Negative Phrase,,,,,,,,,,,,,,,,,,,,,,,
GOOG_Search_Business,Search,Google search,18,Daily,Maximize conversions,he;en,utm_source=google&utm_medium=cpc&utm_campaign=business,Paused,,,,,,,,,,,,,,,,,,,,,,,,,,,
GOOG_Search_Business,,,,,,,,,מצלמות לעסק,Enabled,,,,,,,,,,,,,,,,,,,,,,,,,
GOOG_Search_Business,,,,,,,,,מצלמות לעסק,,מצלמות אבטחה לעסק,Phrase,,,,,,,,,,,,,,,,,,,,,,,
GOOG_Search_Business,,,,,,,,,מצלמות לעסק,,מצלמות אבטחה לחנות,Phrase,,,,,,,,,,,,,,,,,,,,,,,
GOOG_Search_Business,,,,,,,,,מצלמות לעסק,,מצלמות אבטחה למשרד,Phrase,,,,,,,,,,,,,,,,,,,,,,,
GOOG_Search_Business,,,,,,,,,מצלמות לעסק,,מצלמות אבטחה למחסן,Phrase,,,,,,,,,,,,,,,,,,,,,,,
GOOG_Search_Business,,,,,,,,,מצלמות לעסק,,מערכת מצלמות לעסק,Phrase,,,,,,,,,,,,,,,,,,,,,,,
GOOG_Search_Business,,,,,,,,,מצלמות לעסק,,מצלמה לזיהוי לוחיות רישוי,Phrase,,,,,,,,,,,,,,,,,,,,,,,
GOOG_Search_Business,,,,,,,,,מצלמות לעסק,,,,Responsive search ad,https://www.site-control-il.com/store/c/ip,לעסק,מצלמות-IP,מצלמות אבטחה לעסק,מצלמות IP ומקליט NVR,Hikvision ו-Uniview,הקלטה רציפה 24/7,התראה על אדם ורכב בלבד,מצלמות עם אור מהבהב וסירנה,מסופי נוכחות וזיהוי פנים,מצלמה לזיהוי לוחיות רישוי,"מחירים כולל מע""מ באתר",הנחת כמות מ-5 יחידות,התקנה על ידי הצוות שלנו,אחריות שנה על כל המוצרים,ציוד מהמלאי של היבואן,Site-Control,הצעת מחיר בוואטסאפ,"מצלמות IP ומקליטים של Hikvision ו-Uniview לחנויות, משרדים, מחסנים וחניונים.","הקלטה רציפה, התראות חכמות על אדם ורכב, צפייה מהנייד לכמה משתמשים.","מ-5 יחידות או מעל 5,000 ₪ יש מחיר לקבלנים. שלחו רשימה ונחזיר הצעה.","ציוד מהמלאי של היבואן בישראל, אחריות שנה, והתקנה מלאה על ידי הצוות שלנו."
GOOG_Search_Business,,,,,,,,,מקליטים,Enabled,,,,,,,,,,,,,,,,,,,,,,,,,
GOOG_Search_Business,,,,,,,,,מקליטים,,מקליט nvr,Phrase,,,,,,,,,,,,,,,,,,,,,,,
GOOG_Search_Business,,,,,,,,,מקליטים,,מקליט hikvision,Phrase,,,,,,,,,,,,,,,,,,,,,,,
GOOG_Search_Business,,,,,,,,,מקליטים,,מקליט למצלמות אבטחה,Phrase,,,,,,,,,,,,,,,,,,,,,,,
GOOG_Search_Business,,,,,,,,,מקליטים,,מקליט uniview,Phrase,,,,,,,,,,,,,,,,,,,,,,,
GOOG_Search_Business,,,,,,,,,מקליטים,,,,Responsive search ad,https://www.site-control-il.com/store/c/recorders,מקליטים,NVR,מצלמות אבטחה לעסק,מצלמות IP ומקליט NVR,Hikvision ו-Uniview,הקלטה רציפה 24/7,התראה על אדם ורכב בלבד,מצלמות עם אור מהבהב וסירנה,מסופי נוכחות וזיהוי פנים,מצלמה לזיהוי לוחיות רישוי,"מחירים כולל מע""מ באתר",הנחת כמות מ-5 יחידות,התקנה על ידי הצוות שלנו,אחריות שנה על כל המוצרים,ציוד מהמלאי של היבואן,Site-Control,הצעת מחיר בוואטסאפ,"מצלמות IP ומקליטים של Hikvision ו-Uniview לחנויות, משרדים, מחסנים וחניונים.","הקלטה רציפה, התראות חכמות על אדם ורכב, צפייה מהנייד לכמה משתמשים.","מ-5 יחידות או מעל 5,000 ₪ יש מחיר לקבלנים. שלחו רשימה ונחזיר הצעה.","ציוד מהמלאי של היבואן בישראל, אחריות שנה, והתקנה מלאה על ידי הצוות שלנו."
GOOG_Search_Business,,,,,,,,,מצלמות IP,Enabled,,,,,,,,,,,,,,,,,,,,,,,,,
GOOG_Search_Business,,,,,,,,,מצלמות IP,,מצלמות ip,Phrase,,,,,,,,,,,,,,,,,,,,,,,
GOOG_Search_Business,,,,,,,,,מצלמות IP,,מצלמות hikvision,Phrase,,,,,,,,,,,,,,,,,,,,,,,
GOOG_Search_Business,,,,,,,,,מצלמות IP,,מצלמות uniview,Phrase,,,,,,,,,,,,,,,,,,,,,,,
GOOG_Search_Business,,,,,,,,,מצלמות IP,,מצלמת colorvu,Phrase,,,,,,,,,,,,,,,,,,,,,,,
GOOG_Search_Business,,,,,,,,,מצלמות IP,,,,Responsive search ad,https://www.site-control-il.com/store/c/ip,מצלמות-IP,Hikvision,מצלמות אבטחה לעסק,מצלמות IP ומקליט NVR,Hikvision ו-Uniview,הקלטה רציפה 24/7,התראה על אדם ורכב בלבד,מצלמות עם אור מהבהב וסירנה,מסופי נוכחות וזיהוי פנים,מצלמה לזיהוי לוחיות רישוי,"מחירים כולל מע""מ באתר",הנחת כמות מ-5 יחידות,התקנה על ידי הצוות שלנו,אחריות שנה על כל המוצרים,ציוד מהמלאי של היבואן,Site-Control,הצעת מחיר בוואטסאפ,"מצלמות IP ומקליטים של Hikvision ו-Uniview לחנויות, משרדים, מחסנים וחניונים.","הקלטה רציפה, התראות חכמות על אדם ורכב, צפייה מהנייד לכמה משתמשים.","מ-5 יחידות או מעל 5,000 ₪ יש מחיר לקבלנים. שלחו רשימה ונחזיר הצעה.","ציוד מהמלאי של היבואן בישראל, אחריות שנה, והתקנה מלאה על ידי הצוות שלנו."
GOOG_Search_Business,,,,,,,,,,,טיימלאפס,Negative Phrase,,,,,,,,,,,,,,,,,,,,,,,
GOOG_Search_Business,,,,,,,,,,,טיים לאפס,Negative Phrase,,,,,,,,,,,,,,,,,,,,,,,
GOOG_Search_Business,,,,,,,,,,,time lapse,Negative Phrase,,,,,,,,,,,,,,,,,,,,,,,
GOOG_Search_Business,,,,,,,,,,,timelapse,Negative Phrase,,,,,,,,,,,,,,,,,,,,,,,
GOOG_Search_Business,,,,,,,,,,,תיעוד בנייה,Negative Phrase,,,,,,,,,,,,,,,,,,,,,,,
GOOG_Search_Business,,,,,,,,,,,תיעוד התקדמות,Negative Phrase,,,,,,,,,,,,,,,,,,,,,,,
GOOG_Search_Business,,,,,,,,,,,דרושים,Negative Phrase,,,,,,,,,,,,,,,,,,,,,,,
GOOG_Search_Business,,,,,,,,,,,משרה,Negative Phrase,,,,,,,,,,,,,,,,,,,,,,,
GOOG_Search_Business,,,,,,,,,,,עבודה,Negative Phrase,,,,,,,,,,,,,,,,,,,,,,,
GOOG_Search_Business,,,,,,,,,,,קורס,Negative Phrase,,,,,,,,,,,,,,,,,,,,,,,
GOOG_Search_Business,,,,,,,,,,,הכשרה,Negative Phrase,,,,,,,,,,,,,,,,,,,,,,,
GOOG_Search_Business,,,,,,,,,,,חינם,Negative Phrase,,,,,,,,,,,,,,,,,,,,,,,
GOOG_Search_Business,,,,,,,,,,,יד שנייה,Negative Phrase,,,,,,,,,,,,,,,,,,,,,,,
GOOG_Search_Business,,,,,,,,,,,יד2,Negative Phrase,,,,,,,,,,,,,,,,,,,,,,,
GOOG_Search_Business,,,,,,,,,,,עלי אקספרס,Negative Phrase,,,,,,,,,,,,,,,,,,,,,,,
GOOG_Search_Business,,,,,,,,,,,aliexpress,Negative Phrase,,,,,,,,,,,,,,,,,,,,,,,
GOOG_Search_Business,,,,,,,,,,,אמזון,Negative Phrase,,,,,,,,,,,,,,,,,,,,,,,
GOOG_Search_Business,,,,,,,,,,,amazon,Negative Phrase,,,,,,,,,,,,,,,,,,,,,,,
GOOG_Search_Business,,,,,,,,,,,מצלמה לרכב,Negative Phrase,,,,,,,,,,,,,,,,,,,,,,,
GOOG_Search_Business,,,,,,,,,,,מצלמת דרך,Negative Phrase,,,,,,,,,,,,,,,,,,,,,,,
GOOG_Search_Business,,,,,,,,,,,מצלמת רכב,Negative Phrase,,,,,,,,,,,,,,,,,,,,,,,
GOOG_Search_Business,,,,,,,,,,,מצלמת גוף,Negative Phrase,,,,,,,,,,,,,,,,,,,,,,,
GOOG_Search_Business,,,,,,,,,,,מצלמת תינוק,Negative Phrase,,,,,,,,,,,,,,,,,,,,,,,
GOOG_Search_Business,,,,,,,,,,,מצלמת רשת למחשב,Negative Phrase,,,,,,,,,,,,,,,,,,,,,,,
GOOG_Search_Business,,,,,,,,,,,webcam,Negative Phrase,,,,,,,,,,,,,,,,,,,,,,,
GOOG_Search_Business,,,,,,,,,,,גופרו,Negative Phrase,,,,,,,,,,,,,,,,,,,,,,,
GOOG_Search_Business,,,,,,,,,,,gopro,Negative Phrase,,,,,,,,,,,,,,,,,,,,,,,
GOOG_Search_Business,,,,,,,,,,,רחפן,Negative Phrase,,,,,,,,,,,,,,,,,,,,,,,
GOOG_Search_Business,,,,,,,,,,,מצלמת צילום,Negative Phrase,,,,,,,,,,,,,,,,,,,,,,,
GOOG_Search_Business,,,,,,,,,,,מצלמה דיגיטלית,Negative Phrase,,,,,,,,,,,,,,,,,,,,,,,
GOOG_Search_Business,,,,,,,,,,,דמה,Negative Phrase,,,,,,,,,,,,,,,,,,,,,,,
GOOG_Search_Business,,,,,,,,,,,להורדה,Negative Phrase,,,,,,,,,,,,,,,,,,,,,,,
GOOG_Search_Business,,,,,,,,,,,pdf,Negative Phrase,,,,,,,,,,,,,,,,,,,,,,,
GOOG_Search_Business,,,,,,,,,,,סיסמה,Negative Phrase,,,,,,,,,,,,,,,,,,,,,,,
GOOG_Search_Business,,,,,,,,,,,איפוס,Negative Phrase,,,,,,,,,,,,,,,,,,,,,,,
GOOG_Search_Business,,,,,,,,,,,שחזור סיסמה,Negative Phrase,,,,,,,,,,,,,,,,,,,,,,,
GOOG_Search_Business,,,,,,,,,,,ivms,Negative Phrase,,,,,,,,,,,,,,,,,,,,,,,
GOOG_Search_Business,,,,,,,,,,,ויקיפדיה,Negative Phrase,,,,,,,,,,,,,,,,,,,,,,,
GOOG_Search_Business,,,,,,,,,,,מה זה,Negative Phrase,,,,,,,,,,,,,,,,,,,,,,,
GOOG_Search_Business,,,,,,,,,,,איך להתקין,Negative Phrase,,,,,,,,,,,,,,,,,,,,,,,
GOOG_Search_Business,,,,,,,,,,,התקנה עצמית,Negative Phrase,,,,,,,,,,,,,,,,,,,,,,,
GOOG_Search_Business,,,,,,,,,,,עשה זאת בעצמך,Negative Phrase,,,,,,,,,,,,,,,,,,,,,,,
GOOG_Search_Business,,,,,,,,,,,site control,Negative Phrase,,,,,,,,,,,,,,,,,,,,,,,
GOOG_Search_Business,,,,,,,,,,,סייט קונטרול,Negative Phrase,,,,,,,,,,,,,,,,,,,,,,,
GOOG_Search_Kits,Search,Google search,18,Daily,Maximize conversions,he;en,utm_source=google&utm_medium=cpc&utm_campaign=kits,Paused,,,,,,,,,,,,,,,,,,,,,,,,,,,
GOOG_Search_Kits,,,,,,,,,ערכות מצלמות,Enabled,,,,,,,,,,,,,,,,,,,,,,,,,
GOOG_Search_Kits,,,,,,,,,ערכות מצלמות,,ערכת מצלמות אבטחה,Phrase,,,,,,,,,,,,,,,,,,,,,,,
GOOG_Search_Kits,,,,,,,,,ערכות מצלמות,,ערכת מצלמות אבטחה לבית,Phrase,,,,,,,,,,,,,,,,,,,,,,,
GOOG_Search_Kits,,,,,,,,,ערכות מצלמות,,מערכת מצלמות אבטחה לבית,Phrase,,,,,,,,,,,,,,,,,,,,,,,
GOOG_Search_Kits,,,,,,,,,ערכות מצלמות,,ערכת reolink,Phrase,,,,,,,,,,,,,,,,,,,,,,,
GOOG_Search_Kits,,,,,,,,,ערכות מצלמות,,ערכת מצלמות עם מקליט,Phrase,,,,,,,,,,,,,,,,,,,,,,,
GOOG_Search_Kits,,,,,,,,,ערכות מצלמות,,4 מצלמות אבטחה עם מקליט,Phrase,,,,,,,,,,,,,,,,,,,,,,,
GOOG_Search_Kits,,,,,,,,,ערכות מצלמות,,,,Responsive search ad,https://www.site-control-il.com/store/c/kits,ערכות,מצלמות-אבטחה,ערכת מצלמות אבטחה,ערכות Reolink עם מקליט,4 או 8 מצלמות + מקליט,מצלמות אבטחה לבית,דיסק 2TB כלול בערכה,מחברים כבל אחד לכל מצלמה,הקלטה רציפה 24/7,ראיית לילה צבעונית,צפייה מהנייד בלי מנוי,"מחירים כולל מע""מ באתר",התקנה על ידי הצוות שלנו,אחריות שנה על כל המוצרים,עזרו לי לבחור ב-5 שאלות,Site-Control,משלוח או איסוף עצמי,ערכות Reolink מוכנות: מקליט PoE עם דיסק ו-4 עד 8 מצלמות 4K. מחברים ועובד.,"הקלטה רציפה לדיסק, צפייה חיה והתראות לנייד בלי מנוי חודשי. אחריות שנה.","לא בטוחים כמה מצלמות צריך? עונים על 5 שאלות ומקבלים המלצה, או כותבים בוואטסאפ.","משלוח עד הבית, איסוף עצמי או התקנה מלאה על ידי הצוות שלנו לפי הצעת מחיר."
GOOG_Search_Kits,,,,,,,,,,,טיימלאפס,Negative Phrase,,,,,,,,,,,,,,,,,,,,,,,
GOOG_Search_Kits,,,,,,,,,,,טיים לאפס,Negative Phrase,,,,,,,,,,,,,,,,,,,,,,,
GOOG_Search_Kits,,,,,,,,,,,time lapse,Negative Phrase,,,,,,,,,,,,,,,,,,,,,,,
GOOG_Search_Kits,,,,,,,,,,,timelapse,Negative Phrase,,,,,,,,,,,,,,,,,,,,,,,
GOOG_Search_Kits,,,,,,,,,,,תיעוד בנייה,Negative Phrase,,,,,,,,,,,,,,,,,,,,,,,
GOOG_Search_Kits,,,,,,,,,,,תיעוד התקדמות,Negative Phrase,,,,,,,,,,,,,,,,,,,,,,,
GOOG_Search_Kits,,,,,,,,,,,דרושים,Negative Phrase,,,,,,,,,,,,,,,,,,,,,,,
GOOG_Search_Kits,,,,,,,,,,,משרה,Negative Phrase,,,,,,,,,,,,,,,,,,,,,,,
GOOG_Search_Kits,,,,,,,,,,,עבודה,Negative Phrase,,,,,,,,,,,,,,,,,,,,,,,
GOOG_Search_Kits,,,,,,,,,,,קורס,Negative Phrase,,,,,,,,,,,,,,,,,,,,,,,
GOOG_Search_Kits,,,,,,,,,,,הכשרה,Negative Phrase,,,,,,,,,,,,,,,,,,,,,,,
GOOG_Search_Kits,,,,,,,,,,,חינם,Negative Phrase,,,,,,,,,,,,,,,,,,,,,,,
GOOG_Search_Kits,,,,,,,,,,,יד שנייה,Negative Phrase,,,,,,,,,,,,,,,,,,,,,,,
GOOG_Search_Kits,,,,,,,,,,,יד2,Negative Phrase,,,,,,,,,,,,,,,,,,,,,,,
GOOG_Search_Kits,,,,,,,,,,,עלי אקספרס,Negative Phrase,,,,,,,,,,,,,,,,,,,,,,,
GOOG_Search_Kits,,,,,,,,,,,aliexpress,Negative Phrase,,,,,,,,,,,,,,,,,,,,,,,
GOOG_Search_Kits,,,,,,,,,,,אמזון,Negative Phrase,,,,,,,,,,,,,,,,,,,,,,,
GOOG_Search_Kits,,,,,,,,,,,amazon,Negative Phrase,,,,,,,,,,,,,,,,,,,,,,,
GOOG_Search_Kits,,,,,,,,,,,מצלמה לרכב,Negative Phrase,,,,,,,,,,,,,,,,,,,,,,,
GOOG_Search_Kits,,,,,,,,,,,מצלמת דרך,Negative Phrase,,,,,,,,,,,,,,,,,,,,,,,
GOOG_Search_Kits,,,,,,,,,,,מצלמת רכב,Negative Phrase,,,,,,,,,,,,,,,,,,,,,,,
GOOG_Search_Kits,,,,,,,,,,,מצלמת גוף,Negative Phrase,,,,,,,,,,,,,,,,,,,,,,,
GOOG_Search_Kits,,,,,,,,,,,מצלמת תינוק,Negative Phrase,,,,,,,,,,,,,,,,,,,,,,,
GOOG_Search_Kits,,,,,,,,,,,מצלמת רשת למחשב,Negative Phrase,,,,,,,,,,,,,,,,,,,,,,,
GOOG_Search_Kits,,,,,,,,,,,webcam,Negative Phrase,,,,,,,,,,,,,,,,,,,,,,,
GOOG_Search_Kits,,,,,,,,,,,גופרו,Negative Phrase,,,,,,,,,,,,,,,,,,,,,,,
GOOG_Search_Kits,,,,,,,,,,,gopro,Negative Phrase,,,,,,,,,,,,,,,,,,,,,,,
GOOG_Search_Kits,,,,,,,,,,,רחפן,Negative Phrase,,,,,,,,,,,,,,,,,,,,,,,
GOOG_Search_Kits,,,,,,,,,,,מצלמת צילום,Negative Phrase,,,,,,,,,,,,,,,,,,,,,,,
GOOG_Search_Kits,,,,,,,,,,,מצלמה דיגיטלית,Negative Phrase,,,,,,,,,,,,,,,,,,,,,,,
GOOG_Search_Kits,,,,,,,,,,,דמה,Negative Phrase,,,,,,,,,,,,,,,,,,,,,,,
GOOG_Search_Kits,,,,,,,,,,,להורדה,Negative Phrase,,,,,,,,,,,,,,,,,,,,,,,
GOOG_Search_Kits,,,,,,,,,,,pdf,Negative Phrase,,,,,,,,,,,,,,,,,,,,,,,
GOOG_Search_Kits,,,,,,,,,,,סיסמה,Negative Phrase,,,,,,,,,,,,,,,,,,,,,,,
GOOG_Search_Kits,,,,,,,,,,,איפוס,Negative Phrase,,,,,,,,,,,,,,,,,,,,,,,
GOOG_Search_Kits,,,,,,,,,,,שחזור סיסמה,Negative Phrase,,,,,,,,,,,,,,,,,,,,,,,
GOOG_Search_Kits,,,,,,,,,,,ivms,Negative Phrase,,,,,,,,,,,,,,,,,,,,,,,
GOOG_Search_Kits,,,,,,,,,,,ויקיפדיה,Negative Phrase,,,,,,,,,,,,,,,,,,,,,,,
GOOG_Search_Kits,,,,,,,,,,,מה זה,Negative Phrase,,,,,,,,,,,,,,,,,,,,,,,
GOOG_Search_Kits,,,,,,,,,,,site control,Negative Phrase,,,,,,,,,,,,,,,,,,,,,,,
GOOG_Search_Kits,,,,,,,,,,,סייט קונטרול,Negative Phrase,,,,,,,,,,,,,,,,,,,,,,,
GOOG_Search_Solar4G,Search,Google search,6,Daily,Maximize conversions,he;en,utm_source=google&utm_medium=cpc&utm_campaign=solar,Paused,,,,,,,,,,,,,,,,,,,,,,,,,,,
GOOG_Search_Solar4G,,,,,,,,,סולארי 4G,Enabled,,,,,,,,,,,,,,,,,,,,,,,,,
GOOG_Search_Solar4G,,,,,,,,,סולארי 4G,,מצלמה סולארית 4g,Phrase,,,,,,,,,,,,,,,,,,,,,,,
GOOG_Search_Solar4G,,,,,,,,,סולארי 4G,,מצלמת אבטחה עם סים,Phrase,,,,,,,,,,,,,,,,,,,,,,,
GOOG_Search_Solar4G,,,,,,,,,סולארי 4G,,מצלמה סולארית לאתר בנייה,Phrase,,,,,,,,,,,,,,,,,,,,,,,
GOOG_Search_Solar4G,,,,,,,,,סולארי 4G,,מצלמה בלי חשמל,Phrase,,,,,,,,,,,,,,,,,,,,,,,
GOOG_Search_Solar4G,,,,,,,,,סולארי 4G,,reolink go,Phrase,,,,,,,,,,,,,,,,,,,,,,,
GOOG_Search_Solar4G,,,,,,,,,סולארי 4G,,reolink 4g,Phrase,,,,,,,,,,,,,,,,,,,,,,,
GOOG_Search_Solar4G,,,,,,,,,סולארי 4G,,,,Responsive search ad,https://www.site-control-il.com/store/c/solar,סולארי,4G,מצלמה סולארית 4G,מצלמה עם סים לאתר בנייה,בלי חשמל ובלי אינטרנט,מצלמות Reolink Go ו-TrackMix,מצלמה לשטח חקלאי,מצלמה ממונעת 4G עם פאנל,התראות לנייד על תנועה,"מחירים כולל מע""מ באתר",אחריות שנה על כל המוצרים,התקנה על ידי הצוות שלנו,עוזרים לבחור סים וחבילה,"לאתר בנייה, חווה ומחסן",ייעוץ בוואטסאפ לפני קנייה,Site-Control,משלוח או איסוף עצמי,מצלמות Reolink 4G עם סוללה ופאנל סולארי לאתרים בלי חשמל ובלי Wi-Fi.,"לאתרי בנייה, שטחים חקלאיים, מחסנים וחוות. צפייה חיה והתראות לנייד.","לא בטוחים איזה דגם? עונים על 5 שאלות ומקבלים המלצה, או כותבים לנו בוואטסאפ.","אחריות שנה, משלוח או איסוף עצמי. רוצים התקנה על עמוד? הצוות שלנו מגיע."
GOOG_Search_Solar4G,,,,,,,,,,,טיימלאפס,Negative Phrase,,,,,,,,,,,,,,,,,,,,,,,
GOOG_Search_Solar4G,,,,,,,,,,,טיים לאפס,Negative Phrase,,,,,,,,,,,,,,,,,,,,,,,
GOOG_Search_Solar4G,,,,,,,,,,,time lapse,Negative Phrase,,,,,,,,,,,,,,,,,,,,,,,
GOOG_Search_Solar4G,,,,,,,,,,,timelapse,Negative Phrase,,,,,,,,,,,,,,,,,,,,,,,
GOOG_Search_Solar4G,,,,,,,,,,,תיעוד בנייה,Negative Phrase,,,,,,,,,,,,,,,,,,,,,,,
GOOG_Search_Solar4G,,,,,,,,,,,תיעוד התקדמות,Negative Phrase,,,,,,,,,,,,,,,,,,,,,,,
GOOG_Search_Solar4G,,,,,,,,,,,דרושים,Negative Phrase,,,,,,,,,,,,,,,,,,,,,,,
GOOG_Search_Solar4G,,,,,,,,,,,משרה,Negative Phrase,,,,,,,,,,,,,,,,,,,,,,,
GOOG_Search_Solar4G,,,,,,,,,,,עבודה,Negative Phrase,,,,,,,,,,,,,,,,,,,,,,,
GOOG_Search_Solar4G,,,,,,,,,,,קורס,Negative Phrase,,,,,,,,,,,,,,,,,,,,,,,
GOOG_Search_Solar4G,,,,,,,,,,,הכשרה,Negative Phrase,,,,,,,,,,,,,,,,,,,,,,,
GOOG_Search_Solar4G,,,,,,,,,,,חינם,Negative Phrase,,,,,,,,,,,,,,,,,,,,,,,
GOOG_Search_Solar4G,,,,,,,,,,,יד שנייה,Negative Phrase,,,,,,,,,,,,,,,,,,,,,,,
GOOG_Search_Solar4G,,,,,,,,,,,יד2,Negative Phrase,,,,,,,,,,,,,,,,,,,,,,,
GOOG_Search_Solar4G,,,,,,,,,,,עלי אקספרס,Negative Phrase,,,,,,,,,,,,,,,,,,,,,,,
GOOG_Search_Solar4G,,,,,,,,,,,aliexpress,Negative Phrase,,,,,,,,,,,,,,,,,,,,,,,
GOOG_Search_Solar4G,,,,,,,,,,,אמזון,Negative Phrase,,,,,,,,,,,,,,,,,,,,,,,
GOOG_Search_Solar4G,,,,,,,,,,,amazon,Negative Phrase,,,,,,,,,,,,,,,,,,,,,,,
GOOG_Search_Solar4G,,,,,,,,,,,מצלמה לרכב,Negative Phrase,,,,,,,,,,,,,,,,,,,,,,,
GOOG_Search_Solar4G,,,,,,,,,,,מצלמת דרך,Negative Phrase,,,,,,,,,,,,,,,,,,,,,,,
GOOG_Search_Solar4G,,,,,,,,,,,מצלמת רכב,Negative Phrase,,,,,,,,,,,,,,,,,,,,,,,
GOOG_Search_Solar4G,,,,,,,,,,,מצלמת גוף,Negative Phrase,,,,,,,,,,,,,,,,,,,,,,,
GOOG_Search_Solar4G,,,,,,,,,,,מצלמת תינוק,Negative Phrase,,,,,,,,,,,,,,,,,,,,,,,
GOOG_Search_Solar4G,,,,,,,,,,,מצלמת רשת למחשב,Negative Phrase,,,,,,,,,,,,,,,,,,,,,,,
GOOG_Search_Solar4G,,,,,,,,,,,webcam,Negative Phrase,,,,,,,,,,,,,,,,,,,,,,,
GOOG_Search_Solar4G,,,,,,,,,,,גופרו,Negative Phrase,,,,,,,,,,,,,,,,,,,,,,,
GOOG_Search_Solar4G,,,,,,,,,,,gopro,Negative Phrase,,,,,,,,,,,,,,,,,,,,,,,
GOOG_Search_Solar4G,,,,,,,,,,,רחפן,Negative Phrase,,,,,,,,,,,,,,,,,,,,,,,
GOOG_Search_Solar4G,,,,,,,,,,,מצלמת צילום,Negative Phrase,,,,,,,,,,,,,,,,,,,,,,,
GOOG_Search_Solar4G,,,,,,,,,,,מצלמה דיגיטלית,Negative Phrase,,,,,,,,,,,,,,,,,,,,,,,
GOOG_Search_Solar4G,,,,,,,,,,,דמה,Negative Phrase,,,,,,,,,,,,,,,,,,,,,,,
GOOG_Search_Solar4G,,,,,,,,,,,להורדה,Negative Phrase,,,,,,,,,,,,,,,,,,,,,,,
GOOG_Search_Solar4G,,,,,,,,,,,pdf,Negative Phrase,,,,,,,,,,,,,,,,,,,,,,,
GOOG_Search_Solar4G,,,,,,,,,,,סיסמה,Negative Phrase,,,,,,,,,,,,,,,,,,,,,,,
GOOG_Search_Solar4G,,,,,,,,,,,איפוס,Negative Phrase,,,,,,,,,,,,,,,,,,,,,,,
GOOG_Search_Solar4G,,,,,,,,,,,שחזור סיסמה,Negative Phrase,,,,,,,,,,,,,,,,,,,,,,,
GOOG_Search_Solar4G,,,,,,,,,,,ivms,Negative Phrase,,,,,,,,,,,,,,,,,,,,,,,
GOOG_Search_Solar4G,,,,,,,,,,,ויקיפדיה,Negative Phrase,,,,,,,,,,,,,,,,,,,,,,,
GOOG_Search_Solar4G,,,,,,,,,,,מה זה,Negative Phrase,,,,,,,,,,,,,,,,,,,,,,,
GOOG_Search_Solar4G,,,,,,,,,,,site control,Negative Phrase,,,,,,,,,,,,,,,,,,,,,,,
GOOG_Search_Solar4G,,,,,,,,,,,סייט קונטרול,Negative Phrase,,,,,,,,,,,,,,,,,,,,,,,
